Pokemon,Score,Dex,Type 1,Type 2,Attack,Defense,Stamina,Stat Product,Level,CP,Fast Move,Charged Move 1,Charged Move 2,Charged Move 1 Count,Charged Move 2 Count,Buddy Distance,Charged Move Cost
Grumpig (Shadow),100,326,psychic,none,81.1,94,94,716600,23.5,766,Psywave,Dynamic Punch,Shadow Ball,12,13,1,10000
Grumpig,97.6,326,psychic,none,81.1,94,94,716600,23.5,766,Psywave,Dynamic Punch,Shadow Ball,12,13,1,10000
Hypno,96.8,97,psychic,none,74,102.3,105,794871,27,767,Confusion,Shadow Ball,Thunder Punch,4,3,3,50000
Samurott (Shadow),94.3,503,water,none,91.6,72.2,97,641511,19.5,768,Fury Cutter,Hydro Cannon,Megahorn,10,14,3,10000
Toucannon (Shadow),94.1,733,normal,flying,98.2,69.2,88,597999,20.5,767,Peck,Beak Blast,Drill Peck,7,5,1,10000
Slowking (Galarian),92.8,199,poison,psychic,83.9,84.4,99,701035,20.5,767,Acid,Psyshock,Shadow Ball,5,7,3,50000
Girafarig (Shadow),92.5,203,normal,psychic,93.2,72.7,93,630135,27.5,767,Confusion,Psychic Fangs,Trailblaze,3,4,3,50000
Ursaring (Shadow),91.6,217,normal,none,99.9,65.4,90,588011,18.5,767,Shadow Claw,Swift,Close Combat,5,6,3,50000
Barbaracle,91.4,689,rock,water,86.5,95.2,82,675254,20.5,767,Fury Cutter,Cross Chop,Stone Edge,9,14,3,50000
Weezing (Galarian) (Shadow),91.1,110,poison,fairy,84.2,99.8,83,697462,24.5,767,Fairy Wind,Sludge,Brutal Swing,5,4,3,50000
Dodrio,90.8,85,normal,flying,102.8,70.4,78,564495,23.5,765,Peck,Drill Peck,Brave Bird,5,7,3,50000
Bruxish,90.7,779,water,psychic,97.6,73.3,83,593789,23,765,Confusion,Psychic Fangs,Crunch,3,4,3,50000
Miltank,90.5,241,normal,none,75.4,96.4,107,777736,24,768,Rollout,Body Slam,Thunderbolt,3,5,5,75000
Raichu (Alolan),88.9,26,electric,psychic,96.9,78.7,79,602456,24,766,Thunder Shock,Wild Charge,Trailblaze,5,5,1,10000
Swampert (Shadow),88.6,260,water,ground,88,78.1,97,666662,18.5,767,Mud Shot,Hydro Cannon,Earthquake,5,8,3,10000
Uxie,88.4,480,psychic,none,73.1,126,87,801322,22,766,Confusion,Swift,Thunder,3,5,20,100000
Trumbeak (Shadow),87.7,732,normal,flying,105.6,74.5,104,818189,46,931,Peck,Drill Peck,Rock Blast,5,5,1,10000
Linoone,87.2,264,normal,none,86.6,84.8,116,851867,38.5,861,Shadow Claw,Swift,Grass Knot,5,7,1,10000
Dewott (Shadow),87.1,502,water,none,92.2,74.1,108,737858,35,826,Fury Cutter,Aqua Tail,X-Scissor,9,10,3,10000
Munchlax,86.6,446,normal,none,73.8,69.1,156,795534,30,767,Tackle,Body Slam,Bulldoze,12,15,5,10000
Weezing (Galarian),86.6,110,poison,fairy,84.2,99.8,83,697462,24.5,767,Fairy Wind,Sludge,Brutal Swing,5,4,3,50000
Gallade (Shadow),86.5,475,psychic,fighting,97.7,82.7,74,597904,18,767,Psycho Cut,Close Combat,Leaf Blade,5,4,5,75000
Girafarig,86.5,203,normal,psychic,93.2,72.7,93,630135,27.5,767,Confusion,Psychic Fangs,Trailblaze,3,4,3,50000
Feraligatr (Shadow),85.9,160,water,none,88.6,84,89,662374,19.5,768,Shadow Claw,Hydro Cannon,Crunch,5,6,3,10000
Lunatone,85.7,337,rock,psychic,85.2,77.7,103,681864,24,765,Psywave,Weather Ball (Ice),Rock Slide,9,12,3,50000
Orbeetle,85.7,826,bug,psychic,77.2,120.6,81,754136,25.5,765,Psycho Cut,Psyshock,Bug Buzz,5,7,1,10000
Solrock,85.3,338,rock,psychic,85.2,77.7,103,681864,24,765,Psywave,Weather Ball (Fire),Rock Slide,9,12,3,50000
Xatu (Shadow),85.1,178,psychic,flying,94.6,77.2,85,620765,25.5,768,Peck,Psyshock,Aerial Ace,5,6,3,50000
Mew,84.8,151,psychic,none,86.2,85.4,92,677256,16.5,767,Shadow Claw,Wild Charge,Psyshock,6,5,20,100000
Toucannon,84.8,733,normal,flying,98.2,69.2,88,597999,20.5,767,Peck,Beak Blast,Drill Peck,7,5,1,10000
Dewott,84.5,502,water,none,91,74.1,110,741741,35,824,Fury Cutter,Aqua Tail,X-Scissor,9,10,3,10000
Samurott,84.2,503,water,none,91.6,72.2,97,641511,19.5,768,Fury Cutter,Hydro Cannon,Megahorn,10,14,3,10000
Quagsire (Shadow),84.1,195,water,ground,79.6,80.6,115,737812,28.5,767,Mud Shot,Aqua Tail,Stone Edge,4,7,3,50000
Fearow,83.8,22,normal,flying,94.1,74.8,88,619404,28,767,Peck,Drill Peck,Drill Run,5,6,1,10000
Kingdra (Shadow),83.8,230,water,dragon,87.1,91.5,84,669451,21,766,Dragon Breath,Swift,Outrage,9,15,3,50000
Dudunsparce,83,982,normal,none,83.1,70.5,121,708885,20.5,767,Rollout,Body Slam,Drill Run,3,4,3,50000
Politoed (Shadow),83,186,water,none,81.6,88.9,99,718170,23,767,Mud Shot,Weather Ball (Water),Earthquake,4,8,3,50000
Slowbro (Galarian),83,80,poison,psychic,85.2,77.5,104,686712,22.5,767,Poison Jab,Brutal Swing,Sludge Bomb,5,8,3,50000
Espeon,82.7,196,psychic,none,105.9,75.6,69,552417,17.5,768,Confusion,Psychic Fangs,Shadow Ball,3,4,5,75000
Starmie,82.7,121,water,psychic,95.3,87.3,74,615657,21.5,767,Psywave,Surf,Power Gem,12,13,3,50000
Sealeo,81.8,364,ice,water,81.4,84.3,125,857753,36,837,Powder Snow,Surf,Body Slam,6,5,3,50000
Florges,81.7,671,fairy,none,85.9,101.3,78,678730,17,767,Fairy Wind,Disarming Voice,Trailblaze,5,5,3,50000
Wyrdeer,81.7,899,normal,psychic,90.6,68.4,104,644492,20,766,Confusion,Stomp,Wild Charge,3,4,5,75000
Castform,81.4,351,normal,none,85.9,92.5,111,881978,39.5,873,Hex,Weather Ball (Rock),Energy Ball,3,5,5,75000
Milotic (Shadow),80.8,350,water,none,81,95.8,93,721661,18.5,767,Waterfall,Aqua Tail,Wrap,4,5,5,75000
Swampert,80.5,260,water,ground,88,78.1,97,666662,18.5,767,Mud Shot,Hydro Cannon,Earthquake,5,8,3,10000
Spinda,80.3,327,normal,none,88.5,88.5,114,892877,50,892,Sucker Punch,Rock Tomb,Icy Wind,8,7,3,50000
Armarouge,80,936,fire,psychic,94.6,78.4,83,615581,17,767,Incinerate,Psyshock,Heat Wave,2,3,5,50000
Gyarados (Shadow),79.9,130,water,flying,93.6,77.6,86,624649,16.5,766,Dragon Breath,Aqua Tail,Crunch,9,12,1,10000
Lapras (Shadow),79.9,131,water,ice,74.9,82,128,786150,21.5,767,Psywave,Sparkling Aria,Dragon Pulse,12,14,5,75000
Dubwool,79.7,832,normal,none,79.1,102.3,91,736366,25.5,766,Double Kick,Body Slam,Wild Charge,3,4,3,10000
Bewear (Shadow),79.3,760,normal,fighting,92.7,62.4,109,630508,17.5,766,Shadow Claw,Superpower,Stomp,5,5,1,10000
Maushold,79.1,925,normal,none,83.2,87.2,97,703739,28.5,766,Mud Shot,Swift,Crunch,4,5,1,10000
Oinkologne (Female),79,916,normal,none,78.4,79.8,120,750758,22.5,767,Mud Slap,Body Slam,Trailblaze,4,5,1,10000
Blastoise,78.4,9,water,none,80.2,98.5,93,734672,23,767,Rollout,Hydro Cannon,Skull Bash,4,6,3,10000
Dunsparce,78.1,206,normal,none,79,83.7,139,919110,37.5,852,Rollout,Drill Run,Rock Slide,4,4,3,50000
Latios (Shadow),77.5,381,dragon,psychic,100.5,80.8,71,576548,14,761,Dragon Breath,Aura Sphere,Dragon Claw,10,13,20,100000
Sealeo (Shadow),77.5,364,ice,water,81.4,84.3,125,857753,36,837,Powder Snow,Surf,Body Slam,6,5,3,50000
Furfrou,77.2,676,normal,none,82.6,89.5,95,702307,26.5,765,Sucker Punch,Surf,Grass Knot,7,8,5,75000
Ninetales (Alolan) (Shadow),77.2,38,ice,fairy,81.9,97.4,89,709958,24,766,Powder Snow,Weather Ball (Ice),Dazzling Gleam,5,7,3,50000
Togetic,77,176,fairy,flying,82.6,112.6,92,855670,36.5,841,Fairy Wind,Psyshock,Dazzling Gleam,5,7,3,50000
Porygon2,76.9,233,normal,none,87.4,84.4,91,671267,20.5,767,Lock On,Tri Attack,Zap Cannon,10,16,3,50000
Ninetales (Alolan),76.6,38,ice,fairy,81.9,97.4,89,709958,24,766,Powder Snow,Weather Ball (Ice),Dazzling Gleam,5,7,3,50000
Milotic,76.4,350,water,none,81,95.8,93,721661,18.5,767,Waterfall,Aqua Tail,Wrap,4,5,5,75000
Kingdra,76.3,230,water,dragon,87.1,91.5,84,669451,21,766,Dragon Breath,Swift,Outrage,9,15,3,50000
Lapras,76.3,131,water,ice,74.9,82,128,786150,21.5,767,Psywave,Sparkling Aria,Skull Bash,12,19,5,75000
Pidgeot (Shadow),76,18,normal,flying,83.6,82.6,101,697441,26.5,767,Wing Attack,Brave Bird,Air Cutter,7,5,1,10000
Hypno (Shadow),75.8,97,psychic,none,74,102.3,105,794871,27,767,Confusion,Shadow Ball,Thunder Punch,4,3,3,50000
Gallade,75.7,475,psychic,fighting,97.7,82.7,74,597904,18,767,Psycho Cut,Close Combat,Leaf Blade,5,4,5,75000
Gyarados,75.4,130,water,flying,93.6,77.6,86,624649,16.5,766,Dragon Breath,Aqua Tail,Crunch,9,12,1,10000
Oinkologne,75.4,916,normal,none,84.2,72.7,113,691711,21.5,765,Mud Slap,Body Slam,Trailblaze,4,5,1,10000
Palkia (Shadow),75.4,484,water,dragon,100.4,78.7,71,561005,13.5,753,Dragon Breath,Aqua Tail,Draco Meteor,9,17,20,100000
Xatu,75.4,178,psychic,flying,94.6,77.2,85,620765,25.5,768,Peck,Psyshock,Aerial Ace,5,6,3,50000
Mewtwo (Shadow),75.2,150,psychic,none,105.4,67.5,76,540702,13,757,Psycho Cut,Psystrike,Thunderbolt,5,7,20,100000
Slowbro (Shadow),74.7,80,water,psychic,81.1,86.5,103,722560,22,767,Confusion,Drain Punch,Surf,3,4,3,50000
Hatterene,74.2,858,psychic,fairy,101.7,82.3,69,577524,19.5,767,Psycho Cut,Psyshock,Power Whip,5,6,5,50000
Kabuto (Shadow),73.9,140,rock,water,107.7,103.7,76,848805,49,961,Mud Shot,Aqua Jet,Rock Tomb,5,6,5,75000
Swoobat,73.9,528,psychic,flying,93.7,75.2,102,718716,34.5,821,Confusion,Fly,Psychic Fangs,4,3,1,10000
Drampa,73.8,780,normal,dragon,97.9,74.6,82,598874,19,767,Dragon Breath,Swift,Dragon Pulse,9,14,5,75000
Feraligatr,73.6,160,water,none,88.6,84,89,662374,19.5,768,Shadow Claw,Hydro Cannon,Crunch,5,6,3,10000
Quagsire,73.5,195,water,ground,79.6,80.6,115,737812,28.5,767,Mud Shot,Aqua Tail,Stone Edge,4,7,3,50000
Slowbro,73.5,80,water,psychic,81.1,86.5,103,722560,22,767,Confusion,Drain Punch,Surf,3,4,3,50000
Wailmer,73.3,320,water,none,93.2,54.6,193,982123,48.5,957,Rollout,Scald,Body Slam,4,3,1,10000
Walrein,73.3,365,ice,water,80.5,82.2,110,727881,20.5,767,Powder Snow,Icicle Spear,Earthquake,5,9,3,50000
Alakazam (Shadow),73.2,65,psychic,none,111.5,72.6,65,526169,18,767,Psycho Cut,Fire Punch,Shadow Ball,5,6,3,50000
Bouffalant,73,626,normal,none,85,82.9,98,690557,20,767,Mud Shot,Stomp,Megahorn,5,7,3,50000
Trumbeak,72.9,732,normal,flying,107.1,74.5,107,853748,48.5,957,Peck,Drill Peck,Rock Blast,5,5,1,10000
Qwilfish (Shadow),72.7,211,water,poison,93.9,75.5,88,623872,27,766,Poison Sting,Aqua Tail,Ice Beam,4,7,3,50000
Blastoise (Shadow),72.6,9,water,none,80.2,98.5,93,734672,23,767,Rollout,Hydro Cannon,Skull Bash,4,6,3,10000
Dachsbun,72.6,927,fairy,none,81.2,111.7,80,725603,26.5,768,Charm,Psychic Fangs,Play Rough,5,8,3,50000
Starmie (Shadow),72.4,121,water,psychic,95.3,87.3,74,615657,21.5,767,Psywave,Surf,Power Gem,12,13,3,50000
Dondozo,71.8,977,water,none,75.6,76.5,134,774976,20,766,Waterfall,Surf,Outrage,5,6,5,75000
Alakazam,71.7,65,psychic,none,111.5,72.6,65,526169,18,767,Psycho Cut,Fire Punch,Shadow Ball,5,6,3,50000
Marshtomp (Shadow),71.7,259,water,ground,88.5,81.9,102,739311,33.5,809,Mud Shot,Surf,Sludge,5,5,3,10000
Quaquaval,71.7,914,water,fighting,98.5,70.5,85,590261,18,767,Wing Attack,Close Combat,Hydro Cannon,6,5,3,10000
Rapidash (Galarian),70.9,78,psychic,fairy,95.6,79.8,80,610310,22.5,767,Fairy Wind,Body Slam,Wild Charge,4,5,3,50000
Smoochum,70.9,238,ice,psychic,113.5,71.6,96,780154,50,944,Powder Snow,Psyshock,Ice Punch,5,5,5,10000
Tentacruel (Shadow),70.6,73,water,poison,77.9,102.7,93,744031,23,765,Acid,Scald,Payback,7,8,3,50000
Kecleon,70.3,352,normal,none,82.7,101.7,84,706490,27.5,767,Sucker Punch,Foul Play,Thunder,6,9,5,75000
Wailmer (Shadow),70.3,320,water,none,93.2,54.6,193,982123,48.5,957,Rollout,Scald,Body Slam,4,3,1,10000
Floatzel,69.9,419,water,none,102.9,58.5,95,571867,22.5,767,Waterfall,Aqua Jet,Swift,4,4,3,50000
Walrein (Shadow),69.6,365,ice,water,80.5,82.2,110,727881,20.5,767,Powder Snow,Icicle Spear,Earthquake,5,9,3,50000
Whiscash (Shadow),69.6,340,water,ground,77,77.5,127,757873,27,765,Mud Shot,Mud Bomb,Scald,5,6,1,10000
Marshtomp,69.3,259,water,ground,88.7,82.5,103,753728,34.5,820,Mud Shot,Surf,Sludge,5,5,3,10000
Politoed,69.3,186,water,none,81.6,88.9,99,718170,23,767,Mud Shot,Weather Ball (Water),Earthquake,4,8,3,50000
Lumineon,68.8,457,water,none,79.5,100.2,100,796590,32.5,797,Waterfall,Aqua Tail,Silver Wind,4,5,3,50000
Golduck (Shadow),68.7,55,water,none,88.8,80.2,92,655202,22.5,767,Confusion,Cross Chop,Liquidation,3,4,3,50000
Ponyta (Galarian),68.5,77,psychic,none,99.8,80.8,87,701554,36,837,Psycho Cut,Swift,Play Rough,4,7,3,50000
Slowpoke (Galarian),68.4,79,psychic,none,83.8,76.4,150,960348,50,896,Confusion,Psyshock,Surf,3,4,3,50000
Omanyte (Shadow),68.1,138,rock,water,99.6,105.3,78,818055,43,908,Mud Shot,Rock Tomb,Rock Blast,6,5,5,75000
Seaking,67.9,119,water,none,87.2,78,99,673358,26,767,Peck,Icy Wind,Megahorn,6,7,3,50000
Pelipper,67.8,279,water,flying,88.2,92.1,82,666104,26,768,Wing Attack,Weather Ball (Water),Hurricane,5,9,3,50000
Aipom (Shadow),67.6,190,normal,none,100,85.8,108,926640,50,966,Astonish,Swift,Aerial Ace,4,5,3,50000
Alomomola,67.6,594,water,none,69.7,71.1,170,842464,26,767,Waterfall,Hydro Pump,Psychic,8,6,5,75000
Kabuto,67.5,140,rock,water,107.7,103.7,76,848805,49,961,Mud Shot,Aqua Jet,Rock Tomb,5,6,5,75000
Tauros,67.3,128,normal,none,89.5,85.5,85,650441,21.5,767,Tackle,Trailblaze,Horn Attack,15,12,3,50000
Togekiss,67,468,fairy,flying,88.9,90.1,82,656811,16.5,767,Peck,Dazzling Gleam,Aura Sphere,7,5,3,50000
Whiscash,66.7,340,water,ground,77,77.5,127,757873,27,765,Mud Shot,Mud Bomb,Scald,5,6,1,10000
Hattrem,66.6,857,psychic,none,93.1,87.8,97,792895,38.5,860,Confusion,Psyshock,Dazzling Gleam,3,4,5,50000
Bibarel (Shadow),66.4,400,normal,water,89,71.9,108,691103,31.5,785,Rollout,Surf,Hyper Fang,4,4,1,10000
Zangoose,66.4,335,normal,none,103.6,62.8,87,566029,23,767,Fury Cutter,Close Combat,Night Slash,12,9,3,50000
Ursaring,66.3,217,normal,none,99.9,65.4,90,588011,18.5,767,Shadow Claw,Swift,Close Combat,5,6,3,50000
Mesprit,65.7,481,psychic,none,88.4,91.6,81,655893,18,765,Confusion,Swift,Future Sight,3,5,20,100000
Wailord,65.5,321,water,none,84.7,48.2,169,689949,24.5,766,Rollout,Surf,Return,4,6,1,10000
Kangaskhan,65.2,115,normal,none,82,79.3,109,708783,21.5,765,Mud Slap,Brick Break,Crunch,4,5,3,50000
Slowpoke (Shadow),65.1,79,water,psychic,83.8,76.4,150,960348,50,896,Confusion,Psyshock,Water Pulse,3,4,3,50000
Volcanion,65.1,721,fire,water,97,84,74,602952,15,764,Incinerate,Scald,Overheat,3,3,20,100000
Tentacruel,64.9,73,water,poison,77.9,102.7,93,744031,23,765,Acid,Scald,Payback,7,8,3,50000
Wailord (Shadow),64.8,321,water,none,84.7,48.2,169,689949,24.5,766,Rollout,Surf,Hyper Beam,4,7,1,10000
Noctowl,64.6,164,normal,flying,75.3,86,120,777096,28,767,Wing Attack,Sky Attack,Shadow Ball,7,7,1,10000
Qwilfish,64.6,211,water,poison,93.9,75.5,88,623872,27,766,Poison Sting,Aqua Tail,Ice Beam,4,7,3,50000
Slowpoke,64.3,79,water,psychic,83.8,76.4,150,960348,50,896,Confusion,Psyshock,Water Pulse,3,4,3,50000
Articuno (Galarian),64.2,144,psychic,flying,95.9,79.4,80,609157,15.5,765,Psycho Cut,Fly,Brave Bird,5,7,20,100000
Espurr,63.4,677,psychic,none,91.2,87.2,116,922506,50,920,Confusion,Psyshock,Energy Ball,3,4,3,50000
Quaxwell,62.8,913,water,none,92.5,76.3,101,712833,34,816,Wing Attack,Aqua Jet,Aerial Ace,5,6,3,10000
Stoutland,62.8,508,normal,none,88.6,83.1,89,655277,19.5,766,Sand Attack,Wild Charge,Crunch,12,12,1,10000
Aipom,62.2,190,normal,none,100,85.8,108,926640,50,966,Astonish,Swift,Aerial Ace,4,5,3,50000
Latios,62.2,381,dragon,psychic,99.7,80.8,73,588070,14.5,766,Dragon Breath,Aura Sphere,Dragon Claw,10,13,20,100000
Omanyte,61.9,138,rock,water,99.6,105.3,78,818055,43,908,Mud Shot,Rock Tomb,Rock Blast,6,5,5,75000
Pidgeot,61.9,18,normal,flying,83.6,82.6,101,697441,26.5,767,Wing Attack,Air Cutter,Brave Bird,5,7,1,10000
Victini,61.9,494,psychic,fire,86.2,85.4,92,677256,16.5,767,Confusion,V-Create,Psyshock,3,3,20,100000
Bewear,61.8,760,normal,fighting,92.7,62.4,109,630508,17.5,766,Shadow Claw,Superpower,Stomp,5,5,1,10000
Snorlax (Shadow),61.5,143,normal,none,77.6,73.2,133,755483,17.5,767,Lick,Body Slam,Superpower,12,14,5,75000
Suicune (Shadow),61.5,245,water,none,76.6,100.1,97,743763,18,756,Ice Fang,Bubble Beam,Scald,7,9,20,100000
Azumarill,61.3,184,water,fairy,72.7,104.7,149,1134142,43,908,Bubble,Ice Beam,Play Rough,5,6,3,50000
Wartortle,61.2,8,water,none,85.6,110.6,110,1041410,47.5,947,Water Gun,Aqua Jet,Ice Beam,14,19,3,10000
Wobbuffet,60.9,202,psychic,none,50.7,81.8,268,1111466,50,750,Counter,Return,Mirror Coat,12,10,3,50000
Bibarel,60.7,400,normal,water,89,71.9,108,691103,31.5,785,Rollout,Surf,Hyper Fang,4,4,1,10000
Vigoroth,60.7,288,normal,none,83.2,81.6,104,706068,28.5,766,Counter,Body Slam,Rock Slide,6,8,5,75000
Snorlax,60.4,143,normal,none,77.6,73.2,133,755483,17.5,767,Lick,Body Slam,Superpower,12,14,5,75000
Buneary,60,427,normal,none,98,81.1,108,858362,50,920,Quick Attack,Swift,Fire Punch,5,5,3,50000
Aromatisse,59.8,683,fairy,none,82.9,76.8,111,706706,24,768,Charm,Psyshock,Moonblast,5,8,3,50000
Deoxys (Defense),59.8,386,psychic,none,72.3,158.4,70,801662,23.5,763,Counter,Psycho Boost,Thunderbolt,6,10,20,100000
Pidgeotto (Shadow),59.7,17,normal,flying,89.2,81.1,118,853626,50,873,Wing Attack,Air Cutter,Twister,5,5,1,10000
Suicune,59.7,245,water,none,76,102.3,98,761930,18.5,762,Ice Fang,Bubble Beam,Scald,7,9,20,100000
Jynx,59.5,124,ice,psychic,101,73.1,78,575882,21.5,767,Confusion,Avalanche,Psyshock,4,3,5,75000
Vigoroth (Shadow),59.5,288,normal,none,83.2,81.6,104,706068,28.5,766,Counter,Body Slam,Rock Slide,6,8,5,75000
Chimecho,59.4,358,psychic,none,85.5,86.5,93,687805,25,767,Astonish,Psyshock,Shadow Ball,4,5,5,75000
Latias (Shadow),59.1,380,dragon,psychic,90.7,96.7,74,649031,15.5,767,Dragon Breath,Aura Sphere,Mist Ball,10,15,20,100000
Frillish,58.9,592,water,ghost,87.8,100.7,108,954878,50,919,Hex,Night Shade,Ice Beam,4,5,3,50000
Gothitelle,58.6,576,psychic,none,82.5,100.8,85,706860,23,766,Confusion,Rock Slide,Future Sight,4,5,3,50000
Mantine,58.5,226,water,flying,75.5,119.2,86,773966,27,768,Wing Attack,Aerial Ace,Ice Beam,6,7,5,75000
Gardevoir (Shadow),58.3,282,psychic,fairy,97.7,82.7,74,597904,18,767,Charm,Triple Axel,Shadow Ball,6,7,5,75000
Gothitelle (Shadow),58.2,576,psychic,none,82.5,100.8,85,706860,23,766,Confusion,Rock Slide,Future Sight,4,5,3,50000
Primarina,58.2,730,water,fairy,94.2,82.7,80,623227,17,767,Waterfall,Disarming Voice,Hydro Cannon,5,4,3,10000
Wartortle (Shadow),58,8,water,none,85.6,110.6,110,1041410,47.5,947,Water Gun,Aqua Jet,Ice Beam,14,19,3,10000
Golduck,57.9,55,water,none,88.8,80.2,92,655202,22.5,767,Confusion,Cross Chop,Liquidation,3,4,3,50000
Staraptor (Shadow),57.7,398,normal,flying,100.4,65,89,580814,19.5,765,Wing Attack,Fly,Close Combat,6,6,1,10000
Granbull (Shadow),57.6,210,fairy,none,96.8,63.2,99,605658,22,767,Snarl,Close Combat,Crunch,4,4,3,50000
Tapu Fini,57.6,788,water,fairy,82.9,113.3,75,704443,20,765,Water Gun,Surf,Nature's Madness,15,17,20,100000
Chatot,57.3,441,normal,flying,101.9,57.2,107,623669,32.5,798,Peck,Sky Attack,Heat Wave,7,6,5,75000
Vaporeon,57.3,134,water,none,84.7,69.3,118,692626,18,767,Water Gun,Aqua Tail,Last Resort,12,19,5,75000
Zoroark (Hisuian),57.3,571,normal,ghost,116.9,62.6,68,497620,21,767,Shadow Claw,Shadow Ball,Foul Play,7,5,5,75000
Sylveon,56.7,700,fairy,none,83.9,89.2,93,696001,18,767,Charm,Psyshock,Moonblast,5,8,5,75000
Castform (Rainy),56.5,351,water,none,85.9,92.5,111,881978,39.5,873,Water Gun,Weather Ball (Water),Thunder,12,20,5,75000
Tauros (Aqua),55.3,128,fighting,water,91.5,86.3,81,639612,20,767,Double Kick,Aqua Jet,Trailblaze,4,4,3,50000
Teddiursa,55.3,216,normal,none,105.6,72.6,114,873988,49.5,961,Lick,Swift,Cross Chop,12,12,3,50000
Litleo,55.2,667,fire,normal,97.2,84.5,115,944541,48.5,958,Incinerate,Flame Charge,Crunch,3,3,3,10000
Slowking (Shadow),55.2,199,water,psychic,81.1,86.5,103,722560,22,767,Confusion,Surf,Blizzard,4,6,3,50000
Mr. Rime,55,866,ice,psychic,91.2,81.9,86,642358,19.5,765,Confusion,Icy Wind,Psychic,4,4,5,75000
Staraptor,54.7,398,normal,flying,100.4,65,89,580814,19.5,765,Wing Attack,Fly,Close Combat,6,6,1,10000
Latias,54.6,380,dragon,psychic,89.1,99.4,74,655384,16,766,Dragon Breath,Aura Sphere,Mist Ball,10,15,20,100000
Relicanth,54.6,369,water,rock,75.2,95.6,108,776425,22.5,767,Water Gun,Aqua Tail,Ancient Power,12,15,5,75000
Rufflet,54.6,627,normal,flying,100.4,73,120,879504,46.5,941,Peck,Brave Bird,Fly,7,6,5,75000
Beheeyem,54.3,606,psychic,none,96.2,75.6,83,603636,20,765,Confusion,Rock Slide,Dark Pulse,4,4,3,50000
Heliolisk,54.3,695,electric,normal,98.8,80.2,75,594282,21.5,768,Volt Switch,Breaking Swipe,Parabolic Charge,4,4,3,50000
Mr. Mime,53.7,122,psychic,fairy,94.1,103.2,64,621512,25,768,Psywave,Shadow Ball,Psychic,13,14,5,75000
Croconaw,53.5,159,water,none,87.7,89.4,100,784038,35.5,832,Water Gun,Ice Punch,Water Pulse,14,17,3,10000
Pidgeotto,53.5,17,normal,flying,89.2,81.1,118,853626,50,873,Wing Attack,Air Cutter,Twister,5,5,1,10000
Slowking,53.5,199,water,psychic,81.1,86.5,103,722560,22,767,Confusion,Surf,Blizzard,4,6,3,50000
Dewgong,53.2,87,water,ice,73,98,112,801248,28.5,766,Ice Shard,Icy Wind,Drill Run,5,5,3,50000
Teddiursa (Shadow),53.2,216,normal,none,105.6,72.6,114,873988,49.5,961,Lick,Swift,Cross Chop,12,12,3,50000
Huntail,53.1,367,water,none,93.6,89.9,74,622683,23.5,766,Water Gun,Aqua Tail,Crunch,12,15,3,50000
Porygon,53.1,137,normal,none,89.4,86,100,768840,35.5,832,Tackle,Discharge,Signal Beam,14,19,3,50000
Shellos,53.1,422,water,none,79.7,81.1,133,859668,50,830,Mud Slap,Body Slam,Water Pulse,4,5,3,50000
Delcatty,52.2,301,normal,none,88.6,92.5,121,991656,46.5,938,Feint Attack,Wild Charge,Disarming Voice,8,8,3,50000
Azelf,51.7,482,psychic,none,109.1,64.6,76,535637,17,765,Confusion,Swift,Future Sight,3,5,20,100000
Purugly,51.6,432,normal,none,89.8,75.5,95,644091,28.5,764,Shadow Claw,Aerial Ace,Thunder,6,8,3,50000
Heliolisk (Shadow),51.3,695,electric,normal,98.8,80.2,75,594282,21.5,768,Volt Switch,Breaking Swipe,Parabolic Charge,4,4,3,50000
Herdier,51.3,507,normal,none,91.7,86.2,109,861595,41.5,891,Sand Attack,Dig,Thunderbolt,13,14,1,10000
Mr. Mime (Galarian),51.1,122,ice,psychic,93.4,90.9,74,628264,27,768,Confusion,Ice Punch,Triple Axel,3,4,5,75000
Meowstic (Male),51,678,psychic,none,83.8,88.7,94,698708,26,767,Sucker Punch,Energy Ball,Thunderbolt,8,8,3,50000
Slurpuff,51,685,fairy,none,83,85.4,99,701732,25.5,766,Fairy Wind,Play Rough,Energy Ball,7,7,3,50000
Goldeen,50.4,118,water,none,93.3,84.5,96,756850,50,842,Peck,Aqua Tail,Horn Attack,5,5,3,50000
Tirtouga,50.4,564,water,rock,90.6,104.9,102,969402,46.5,941,Water Gun,Surf,Body Slam,15,12,5,75000
Tirtouga (Shadow),50.1,564,water,rock,90.6,104.9,102,969402,46.5,941,Water Gun,Surf,Body Slam,15,12,5,75000
Gardevoir,50,282,psychic,fairy,97.7,82.7,74,597904,18,767,Charm,Triple Axel,Shadow Ball,6,7,5,75000
Tentacool,50,72,water,poison,75.7,110.8,91,763268,50,760,Poison Sting,Water Pulse,Wrap,6,5,3,50000
Drowzee (Shadow),49.8,96,psychic,none,70.3,102,114,817448,50,760,Confusion,Psyshock,Psychic,3,4,3,50000
Basculin,49.7,550,water,none,95.8,69.5,92,612545,27,767,Water Gun,Aqua Tail,Aqua Jet,12,14,1,10000
Granbull,49.7,210,fairy,none,96.8,63.2,99,605658,22,767,Snarl,Close Combat,Crunch,4,4,3,50000
Seel,49.5,86,water,none,67.6,91.9,120,745493,50,710,Water Gun,Aqua Tail,Icy Wind,12,15,3,50000
Comfey,49.4,764,fairy,none,83.1,112.7,75,702403,26.5,768,Vine Whip,Grass Knot,Draining Kiss,7,7,3,50000
Krabby,49.4,98,water,none,114.6,86.1,71,700561,42,897,Bubble,Vise Grip,Razor Shell,4,4,3,50000
Carracosta,49.1,565,water,rock,86.8,90.8,85,669922,21.5,767,Water Gun,Liquidation,Body Slam,15,12,5,75000
Persian,49.1,53,normal,none,88.9,87.2,102,790712,36.5,841,Feint Attack,Night Slash,Power Gem,6,9,3,50000
Pyroar,49.1,668,fire,normal,96.6,70.1,90,609449,20,767,Incinerate,Flame Charge,Dark Pulse,3,3,3,10000
Seismitoad,49.1,537,water,ground,86.1,72.2,110,683806,22,767,Mud Shot,Earth Power,Sludge Bomb,7,6,3,50000
Corsola,48.9,222,water,rock,87,113.7,107,1058433,49,962,Bubble,Power Gem,Rock Blast,5,4,3,50000
Lopunny,48.8,428,normal,none,80.2,102.7,89,733052,27.5,767,Low Kick,Triple Axel,Hyper Beam,6,10,3,50000
Porygon (Shadow),48.6,137,normal,none,89.4,86,100,768840,35.5,832,Tackle,Discharge,Signal Beam,14,19,3,50000
Drowzee,48.3,96,psychic,none,70.3,102,114,817448,50,760,Confusion,Psyshock,Return,3,5,3,50000
Spritzee,48.3,682,fairy,none,84.5,86.5,135,986749,50,915,Charm,Thunderbolt,Draining Kiss,7,7,3,50000
Staravia (Shadow),48.3,397,normal,flying,106.1,73.7,108,844514,50,949,Wing Attack,Brave Bird,Fly,7,6,1,10000
Stufful,48.3,759,normal,fighting,100.2,74,125,926850,49.5,966,Tackle,Superpower,Stomp,14,14,1,10000
Porygon2 (Shadow),47.6,233,normal,none,87.4,84.4,91,671267,20.5,767,Lock On,Tri Attack,Zap Cannon,10,16,3,50000
Reuniclus (Shadow),47.6,579,psychic,none,90.8,67.9,105,647359,19,768,Charm,Psyshock,Shadow Ball,5,7,3,50000
Ambipom (Shadow),47.4,424,normal,none,95.8,72,89,613886,23,768,Astonish,Aerial Ace,Low Sweep,5,4,3,50000
Stufful (Shadow),47.3,759,normal,fighting,100.2,74,125,926850,49.5,966,Tackle,Superpower,Stomp,14,14,1,10000
Eevee,47.1,133,normal,none,80.4,87.2,108,757175,50,783,Quick Attack,Body Slam,Swift,5,5,5,75000
Skrelp,47,690,poison,water,83.8,83.8,102,716289,50,777,Acid,Aqua Tail,Twister,5,5,3,50000
Grafaiai,46.7,945,poison,normal,96,77.1,82,606931,24.5,767,Mud Slap,Poison Fang,Sludge Bomb,4,5,3,50000
Ursaluna (Shadow),46.7,901,ground,normal,89.9,70.6,103,653735,14.5,767,Tackle,Swift,High Horsepower,12,20,3,50000
Gothorita,46.4,575,psychic,none,85.8,101.5,102,888287,40,876,Confusion,Future Sight,Psychic,5,4,3,50000
Persian (Shadow),46.4,53,normal,none,88.9,87.2,102,790712,36.5,841,Feint Attack,Night Slash,Power Gem,6,9,3,50000
Prinplup,45.9,394,water,none,88.9,87.8,102,796153,36.5,841,Bubble,Icy Wind,Hydro Pump,5,7,3,10000
Gothorita (Shadow),45.8,575,psychic,none,85.8,101.5,102,888287,40,876,Confusion,Future Sight,Psychic,5,4,3,50000
Carracosta (Shadow),45,565,water,rock,86.8,90.8,85,669922,21.5,767,Water Gun,Liquidation,Body Slam,15,12,5,75000
Floette,44.7,670,fairy,none,89.4,105.2,100,940488,44,917,Vine Whip,Dazzling Gleam,Psychic,7,7,3,50000
Diancie,44.6,719,rock,fairy,85.2,125.3,63,672560,19.5,761,Rock Throw,Rock Slide,Moonblast,9,12,20,100000
Gumshoos,44.4,735,normal,none,96,60.8,105,612864,25.5,768,Bite,Rock Tomb,Crunch,25,23,1,10000
Wobbuffet (Shadow),43.8,202,psychic,none,50.7,81.8,268,1111466,50,750,Counter,Mirror Coat,Frustration,10,12,3,50000
Musharna,43.7,518,psychic,none,80.9,77.9,115,724743,20.5,767,Charge Beam,Psyshock,Dazzling Gleam,4,5,3,50000
Purugly (Shadow),43.7,432,normal,none,89.8,75.5,95,644091,28.5,764,Shadow Claw,Aerial Ace,Thunder,6,8,3,50000
Ursaluna,43.7,901,ground,normal,89.9,70.6,103,653735,14.5,767,Tackle,Swift,High Horsepower,12,20,3,50000
Loudred (Shadow),43.5,294,normal,none,100.7,64.9,143,934566,50,970,Bite,Stomp,Disarming Voice,20,23,1,10000
Meowstic (Female),43.5,678,psychic,none,83.8,88.7,94,698708,26,767,Confusion,Shadow Ball,Psychic,4,4,3,50000
Palpitoad,43.5,536,water,ground,92.7,82.1,129,981776,48,954,Mud Shot,Water Pulse,Earth Power,6,7,3,50000
Staravia,43.4,397,normal,flying,106.1,73.7,108,844514,50,949,Wing Attack,Brave Bird,Fly,7,6,1,10000
Loudred,43.2,294,normal,none,100.7,64.9,143,934566,50,970,Bite,Stomp,Disarming Voice,20,23,1,10000
Sigilyph,43.2,561,psychic,flying,93.1,80.2,84,627196,21.5,766,Air Slash,Air Cutter,Ancient Power,4,5,5,75000
Raticate,43.1,20,normal,none,93.2,85.9,90,720529,34.5,820,Quick Attack,Hyper Fang,Dig,7,7,1,10000
Deoxys (Speed),42.6,386,psychic,none,100.7,94.1,61,578028,18.5,767,Charge Beam,Psycho Boost,Swift,4,4,20,100000
Croconaw (Shadow),42.3,159,water,none,87.7,89.4,100,784038,35.5,832,Water Gun,Ice Punch,Water Pulse,14,17,3,10000
Watchog,42.3,505,normal,none,90.6,82.6,91,681004,31.5,786,Low Kick,Crunch,Hyper Fang,6,7,1,10000
Omastar (Shadow),42.2,139,rock,water,90.6,91.9,78,649439,20,768,Mud Shot,Rock Slide,Hydro Pump,5,9,5,75000
Exploud,41.9,295,normal,none,85.7,71.2,112,683406,24,767,Astonish,Crunch,Boomburst,5,7,1,10000
Exploud (Shadow),41.9,295,normal,none,85.7,71.2,112,683406,24,767,Astonish,Crunch,Boomburst,5,7,1,10000
Oricorio (Pa'u),41.9,741,psychic,flying,93.6,73,91,621785,24,766,Air Slash,Air Cutter,Aerial Ace,4,5,3,75000
Kabutops,41.3,141,rock,water,96.9,85.7,73,606216,20.5,767,Fury Cutter,Stone Edge,Water Pulse,14,13,5,75000
Snubbull (Shadow),41.3,209,fairy,none,102.7,67.6,114,791447,50,904,Tackle,Brick Break,Crunch,14,15,3,50000
Clamperl,40.7,366,water,none,100,101.4,85,861900,50,929,Water Gun,Body Slam,Water Pulse,12,17,3,50000
Poliwhirl,40.7,61,water,none,91.9,93.3,119,1020338,50,970,Bubble,Scald,Mud Bomb,5,5,3,50000
Kyogre (Shadow),40.5,382,water,none,95.8,83.4,74,591239,13,756,Waterfall,Avalanche,Surf,5,5,20,100000
Elgyem,40.4,605,psychic,none,106.6,76.1,105,851787,48,954,Confusion,Dark Pulse,Psychic,4,4,3,50000
Cinccino,40.1,573,normal,none,96.5,68.8,91,604167,25,766,Charm,Aqua Tail,Thunderbolt,5,7,3,50000
Delphox,40.1,655,fire,psychic,94.9,82.7,79,620010,18,767,Fire Spin,Psyshock,Blast Burn,4,5,3,10000
Stantler (Shadow),40.1,234,normal,none,95.5,70.5,91,612680,25.5,767,Tackle,Wild Charge,Stomp,15,14,3,50000
Tentacool (Shadow),40.1,72,water,poison,75.7,110.8,91,763268,50,760,Poison Sting,Water Pulse,Wrap,6,5,3,50000
Poliwhirl (Shadow),39.9,61,water,none,91.9,93.3,119,1020338,50,970,Bubble,Scald,Mud Bomb,5,5,3,50000
Popplio,39.9,728,water,none,91.2,79.7,102,741401,50,825,Water Gun,Aqua Tail,Aqua Jet,12,14,3,10000
Stantler,39.8,234,normal,none,94.5,71.1,92,618143,26,767,Tackle,Wild Charge,Stomp,15,14,3,50000
Snubbull,39.2,209,fairy,none,102.7,67.6,114,791447,50,904,Tackle,Brick Break,Crunch,14,15,3,50000
Audino,38.7,531,normal,none,70.1,104.3,143,1045534,38,858,Zen Headbutt,Body Slam,Disarming Voice,6,8,3,50000
Swellow,38.7,277,normal,flying,97.3,71.5,86,598298,29,767,Wing Attack,Brave Bird,Aerial Ace,7,6,1,10000
Delphox (Shadow),38.6,655,fire,psychic,94.9,82.7,79,620010,18,767,Fire Spin,Psyshock,Blast Burn,4,5,3,10000
Watchog (Shadow),38.4,505,normal,none,90.6,82.6,91,681004,31.5,786,Low Kick,Crunch,Hyper Fang,6,7,1,10000
Kabutops (Shadow),38.3,141,rock,water,96.9,85.7,73,606216,20.5,767,Fury Cutter,Stone Edge,Water Pulse,14,13,5,75000
Omastar,38,139,rock,water,90.6,91.9,78,649439,20,768,Mud Shot,Rock Slide,Hydro Pump,5,9,5,75000
Komala,37.8,775,normal,none,97.9,78.9,77,594772,21.5,768,Rollout,Payback,Bulldoze,5,4,3,50000
Swanna (Shadow),37.8,581,water,flying,92,72.3,95,631902,26.5,766,Water Gun,Fly,Ice Beam,15,19,3,50000
Cloyster,36.8,91,water,ice,85.2,121.5,66,683219,22,767,Ice Shard,Icy Wind,Liquidation,5,5,3,50000
Kadabra,36.8,64,psychic,none,117.2,65,66,502788,27,768,Confusion,Shadow Ball,Dazzling Gleam,4,4,3,50000
Clauncher,36.3,692,water,none,83.1,89.2,102,756077,50,795,Water Gun,Aqua Jet,Crabhammer,14,17,3,50000
Octillery,36.3,224,water,none,94.1,72.1,91,617400,24,765,Lock On,Octazooka,Gunk Shot,10,15,1,10000
Raticate (Shadow),36.3,20,normal,none,93.2,85.9,90,720529,34.5,820,Quick Attack,Hyper Fang,Dig,7,7,1,10000
Brionne,35.9,729,water,none,90,83.7,86,647838,30,767,Charm,Aqua Jet,Disarming Voice,5,6,3,10000
Hoopa,35.4,720,psychic,ghost,103.6,76.1,71,559761,16,761,Confusion,Shadow Ball,Psychic,4,4,20,100000
Blissey,34.5,242,normal,none,58,79.6,220,1015696,20.5,767,Zen Headbutt,Wild Charge,Dazzling Gleam,8,10,5,75000
Mantyke,34.2,458,water,flying,81.1,131.1,96,1020692,50,912,Bubble,Water Pulse,Aerial Ace,5,5,5,10000
Prinplup (Shadow),34.2,394,water,none,88.9,87.8,102,796153,36.5,841,Bubble,Icy Wind,Hydro Pump,5,7,3,10000
Cloyster (Shadow),33.8,91,water,ice,85.2,121.5,66,683219,22,767,Ice Shard,Icy Wind,Liquidation,5,5,3,50000
Simipour,33.8,516,water,none,97.3,68.6,90,600730,23.5,765,Water Gun,Surf,Crunch,15,15,3,50000
Corphish,33.5,341,water,none,105.4,77,94,762885,50,899,Bubble,Aqua Jet,Vise Grip,4,4,3,50000
Wugtrio,33.5,961,water,none,108.1,77.7,64,537560,29,767,Mud Slap,Liquidation,Surf,5,5,3,50000
Munna,33.3,517,psychic,none,85.1,72.3,133,818313,50,837,Charge Beam,Psyshock,Dazzling Gleam,4,5,3,50000
Totodile (Shadow),33.3,158,water,none,89.2,83.8,102,762446,50,827,Water Gun,Aqua Jet,Crunch,14,15,3,10000
Unfezant (Shadow),33.3,521,normal,flying,99.2,68.4,87,590319,20,767,Air Slash,Sky Attack,Heat Wave,6,5,1,10000
Piplup,33.2,393,water,none,85.8,79.1,106,719399,50,785,Bubble,Drill Peck,Icy Wind,4,5,3,10000
Ambipom,33,424,normal,none,95.8,72,89,613886,23,768,Astonish,Aerial Ace,Return,5,7,3,50000
Corphish (Shadow),32.4,341,water,none,105.4,77,94,762885,50,899,Bubble,Aqua Jet,Vise Grip,4,4,3,50000
Kingler,31.4,99,water,none,103.4,82.7,66,564378,19.5,767,Bubble,Crabhammer,X-Scissor,5,4,3,50000
Drizzile,31.1,817,water,none,98.6,65.9,91,591294,29.5,767,Water Gun,Surf,Water Pulse,15,17,3,10000
Clawitzer,30.9,693,water,none,96.2,79.1,80,608754,20,766,Water Gun,Crabhammer,Ice Beam,17,19,3,50000
Piplup (Shadow),30.9,393,water,none,85.8,79.1,106,719399,50,785,Bubble,Drill Peck,Icy Wind,4,5,3,10000
Swellow (Shadow),30.6,277,normal,flying,97.3,71.5,86,598298,29,767,Wing Attack,Brave Bird,Sky Attack,7,7,1,10000
Dottler,30.3,825,bug,psychic,68.9,116.2,102,816630,50,753,Confusion,Bug Buzz,Psychic,5,4,1,10000
Inteleon,29.9,818,water,none,109.7,63.7,76,531080,18.5,767,Water Gun,Surf,Shadow Ball,15,17,3,10000
Totodile,29.9,158,water,none,89.2,83.8,102,762446,50,827,Water Gun,Aqua Jet,Crunch,14,15,3,10000
Tatsugiri (Curly),29.6,978,dragon,water,98.3,77.4,78,593457,20,766,Water Gun,Surf,Outrage,15,20,5,75000
Tatsugiri (Droopy),29.6,978,dragon,water,98.3,77.4,78,593457,20,766,Water Gun,Surf,Outrage,15,20,5,75000
Tatsugiri (Stretchy),29.6,978,dragon,water,98.3,77.4,78,593457,20,766,Water Gun,Surf,Outrage,15,20,5,75000
Tranquill,29.6,520,normal,flying,99.5,82,114,930126,49.5,966,Air Slash,Heat Wave,Aerial Ace,5,5,1,10000
Solosis (Shadow),29.4,577,psychic,none,121.7,65.6,94,750451,49,960,Hidden Power (Psychic),Psyshock,Night Shade,5,6,3,50000
Frogadier (Shadow),29.3,657,water,none,102,76.5,93,725679,38.5,863,Bubble,Surf,Aerial Ace,5,5,3,10000
Tranquill (Shadow),29.3,520,normal,flying,99.5,82,114,930126,49.5,966,Air Slash,Heat Wave,Sky Attack,5,6,1,10000
Swanna,29.1,581,water,flying,92,72.3,95,631902,26.5,766,Air Slash,Fly,Ice Beam,5,7,3,50000
Seadra (Shadow),29,117,water,none,94,84.1,78,616621,26.5,764,Dragon Breath,Hydro Pump,Dragon Pulse,19,14,3,50000
Indeedee (Female),28.8,876,psychic,normal,87.1,91.7,84,670914,23.5,768,Extrasensory,Psychic,Energy Ball,6,6,3,50000
Duosion (Shadow),28.7,578,psychic,none,106.7,58.6,88,550231,27.5,767,Hidden Power (Psychic),Psyshock,Night Shade,5,6,3,50000
Urshifu (Rapid Strike),28.4,892,fighting,water,97.7,70,86,588154,15,762,Counter,Aqua Jet,Dynamic Punch,7,8,20,100000
Frogadier,28.2,657,water,none,102,76.5,93,725679,38.5,863,Bubble,Surf,Aerial Ace,5,5,3,10000
Kadabra (Shadow),28.2,64,psychic,none,117.2,65,66,502788,27,768,Psycho Cut,Shadow Ball,Dazzling Gleam,6,7,3,50000
Braviary (Hisuian),28.1,628,psychic,flying,92,64.1,108,636898,19.5,765,Air Slash,Brave Bird,Fly,7,5,5,75000
Flabebe,26.1,669,fairy,none,83.1,91.2,95,719978,50,777,Vine Whip,Dazzling Gleam,Psychic,7,7,3,50000
Gorebyss,26,368,water,none,97.5,86.6,71,599489,22.5,767,Confusion,Water Pulse,Psychic,4,4,3,50000
Braviary,25.7,628,normal,flying,95.7,66.5,96,610949,18,768,Air Slash,Fly,Close Combat,5,5,5,75000
Unfezant,25.7,521,normal,flying,99.2,68.4,87,590319,20,767,Air Slash,Sky Attack,Heat Wave,6,5,1,10000
Ribombee,25,743,bug,fairy,97.5,75.8,81,598631,25.5,766,Fairy Wind,Dazzling Gleam,Bug Buzz,7,7,1,10000
Duosion,24.7,578,psychic,none,106.7,58.6,88,550231,27.5,767,Hidden Power (Psychic),Psyshock,Night Shade,5,6,3,50000
Solosis,24.7,577,psychic,none,121.7,65.6,94,750451,49,960,Hidden Power (Psychic),Psyshock,Night Shade,5,6,3,50000
Swirlix,24.4,684,fairy,none,83.8,90.5,116,879732,50,862,Tackle,Energy Ball,Draining Kiss,19,19,3,50000
Seadra,24.1,117,water,none,94,84.1,78,616621,26.5,764,Dragon Breath,Hydro Pump,Dragon Pulse,19,14,3,50000
Indeedee (Male),23.6,876,psychic,normal,96.6,82,76,602011,22.5,765,Extrasensory,Shadow Ball,Psychic,5,6,3,50000
Spoink (Shadow),23.6,325,psychic,none,94.6,92.6,113,989875,50,969,Zen Headbutt,Shadow Ball,Mirror Coat,9,10,1,10000
Unown,21.5,201,psychic,none,102,71.6,100,730320,50,866,Hidden Power (Psychic),Struggle,,13,0,5,75000
Reuniclus,21.4,579,psychic,none,90.8,67.9,105,647359,19,768,Hidden Power (Fighting),Psyshock,Shadow Ball,5,7,3,50000
Regigigas,21.1,486,normal,none,100,74.7,78,582660,12.5,766,Hidden Power (Ground),Crush Grip,Focus Blast,7,10,20,100000
Spoink,21.1,325,psychic,none,94.6,92.6,113,989875,50,969,Zen Headbutt,Shadow Ball,Return,9,12,1,10000
Porygon-Z (Shadow),20.5,474,normal,none,105.6,63,83,552182,17,768,Lock On,Tri Attack,Zap Cannon,10,16,3,50000
Porygon-Z,19.4,474,normal,none,105.6,63,83,552182,17,768,Lock On,Tri Attack,Zap Cannon,10,16,3,50000
Regigigas (Shadow),18.2,486,normal,none,100.3,73,79,578430,12.5,763,Hidden Power (Ice),Crush Grip,Thunder,7,8,20,100000
Clefairy,16.9,35,fairy,none,82.4,83.1,126,862777,50,844,Zen Headbutt,Disarming Voice,Body Slam,8,6,1,10000
Slaking,14.8,289,normal,none,99.3,59.5,100,590835,12.5,767,Yawn,Body Slam,Earthquake,3,6,5,75000
Slaking (Shadow),14.8,289,normal,none,99.3,59.5,100,590835,12.5,767,Yawn,Body Slam,Earthquake,3,6,5,75000
